{
  "num_samples": 4028,
  "grid_size": {
    "min": [
      54,
      37,
      18
    ],
    "max": [
      132,
      129,
      256
    ],
    "mean": [
      101.0630585898709,
      77.02755710029791,
      113.68346573982124
    ],
    "std": [
      11.406673937103283,
      12.380651099154365,
      55.9815755148487
    ],
    "p50": [
      100.0,
      75.0,
      108.0
    ],
    "p90": [
      117.0,
      95.0,
      217.0
    ],
    "p95": [
      122.0,
      99.64999999999964,
      237.0
    ],
    "p99": [
      129.0,
      107.0,
      250.73000000000002
    ]
  },
  "point_count": {
    "min": 6709,
    "max": 139736,
    "mean": 57358.13927507448,
    "std": 27359.85832084769,
    "p50": 52589.5,
    "p95": 108299.89999999998
  },
  "class_distribution": {
    "counts": [
      1835148880,
      1305194053,
      103424463,
      15898014,
      10398763,
      10230115,
      21630858,
      4658872,
      1498865,
      6206109,
      581862,
      22878556,
      7404653,
      215713,
      3974045,
      118037994,
      1145998,
      499939,
      52689766,
      3548894,
      53168008,
      281643,
      235155,
      40370405,
      137679,
      171008,
      217854,
      293088,
      421241,
      656967,
      887295,
      931431,
      1022843,
      920110,
      613550,
      253999,
      141291,
      173831,
      219897,
      305529,
      437490,
      666370,
      906619,
      971404,
      1032106,
      916029,
      598933,
      237644,
      4698411,
      1267918,
      6773519,
      1688279,
      1663694,
      399816,
      415169,
      1443002,
      1479224,
      14086197,
      14028382,
      6587179,
      6593151,
      19427736,
      20124925,
      9583218,
      9346327,
      2135654,
      2329493,
      25831270,
      25352202,
      12660719,
      12221147,
      0
    ],
    "ratios": [
      0.4788270335853865,
      0.3405512236431072,
      0.02698551019928779,
      0.0041481097073273665,
      0.002713245172918872,
      0.0026692415378785864,
      0.005643923325744953,
      0.001215592851308073,
      0.0003910838458484961,
      0.00161929791907541,
      0.00015181942917680887,
      0.005969472679621037,
      0.0019320220115978451,
      5.62838345278038e-05,
      0.0010369077950148856,
      0.0307984726107833,
      0.000299013790551307,
      0.00013044408056072515,
      0.01374781339489369,
      0.0009259773989176162,
      0.013872596294358469,
      7.348628969007081e-05,
      6.135664103872137e-05,
      0.010533445804566359,
      3.5923203765899595e-05,
      4.461940622461637e-05,
      5.684246423358893e-05,
      7.647251901408333e-05,
      0.00010991019892322947,
      0.00017141582527815976,
      0.00023151300550892934,
      0.00024302897033589454,
      0.0002668801887689774,
      0.00024007509509105875,
      0.00016008746192642083,
      6.627341739360927e-05,
      3.6865646781918225e-05,
      4.535598336587346e-05,
      5.7375523780024716e-05,
      7.971862465148307e-05,
      0.00011414988789534651,
      0.00017386925597572987,
      0.00023655502346063033,
      0.00025345872523049943,
      0.000269297090667477,
      0.00023901028059815396,
      0.00015627359438346837,
      6.2006070902196e-05,
      0.0012259093669255592,
      0.0003308251561418363,
      0.0017673465325081707,
      0.0004405057454709084,
      0.0004340910274341371,
      0.00010431998806547776,
      0.00010832589272354367,
      0.00037650807225939064,
      0.00038595911625889976,
      0.003675370427716671,
      0.0036602853383005257,
      0.0017187267009453491,
      0.001720284915145699,
      0.005069084748132272,
      0.005250995297383384,
      0.0025004531769335686,
      0.002438643578786373,
      0.0005572348275006249,
      0.000607811298093658,
      0.006739894796896907,
      0.006614896377517611,
      0.003303434717420932,
      0.003188741594099409,
      0.0
    ],
    "total_voxels": 3832592463
  },
  "sparsity": {
    "empty_ratio": 0.8193782572284937,
    "organ_ratio": 0.18062174277150636
  }
}